name,jitter,time,which
cherokee,-1.3502566036788417,4.319,0
cherokee,0.1737603531976659,4.273,0
cherokee,0.0,4.273,1
cherokee,0.0,4.319,2
cherokee,0.0,4.296,3
cherokee,0.0,4.319,4
cherokee,0.0,4.273,4
httpd,-0.1467845573821093,4.224,0
httpd,1.3799114415910803,4.832,0
httpd,-0.41520191920736566,4.668,0
httpd,0.7048518462118756,4.637,0
httpd,-0.3256841523301447,4.534,0
httpd,1.410517628487039,4.793,0
httpd,-0.5024960728781304,4.776,0
httpd,0.46525003190301634,4.678,0
httpd,-0.9440877838547265,3.844,0
httpd,1.2910736182169666,4.934,0
httpd,1.010261881941981,4.893,0
httpd,-0.7487484445983567,4.742,0
httpd,0.013258329033569693,4.677,0
httpd,-0.3408261600569879,4.522,0
httpd,0.6852872180139689,4.343,0
httpd,-1.0776616513248924,4.74,0
httpd,1.5384048565424997,4.679,0
httpd,2.7227292665993548,4.611,0
httpd,2.071839876357566,4.763,0
httpd,-0.19432627561321814,4.692,0
httpd,0.6484445642396407,4.557,0
httpd,1.2112124342524933,3.759,0
httpd,-0.8412424325464919,4.505,0
httpd,0.3500272123708512,4.618,0
httpd,1.464957449009898,4.559,0
httpd,-0.16417653446799998,4.504,0
httpd,0.6758486683711153,4.443,0
httpd,1.9538020225058175,4.657,0
httpd,1.201841089204287,4.62,0
httpd,0.1611796251341533,4.551,0
httpd,-1.5243266462181226,4.735,0
httpd,-1.2999432561024165,4.508,0
httpd,1.1295394798772034,4.479,0
httpd,-1.310711657645635,4.461,0
httpd,0.10897566246819643,4.821,0
httpd,-0.8685517952044312,4.428,0
httpd,-0.1904600466111946,4.235,0
httpd,0.4892042370145096,4.488,0
httpd,-1.1926503926704906,4.488,0
httpd,-0.25538716957160024,4.807,0
httpd,0.290000629494618,4.507,0
httpd,-2.372785122734936,4.513,0
httpd,-0.6588909548585499,1.638,0
httpd,-0.5251425044711459,4.495,0
httpd,1.917489620513803,4.554,0
httpd,0.1679195374066827,4.082,0
httpd,0.7078414871933462,4.495,0
httpd,-0.9914605502994984,4.721,0
httpd,-1.2309044982277135,4.523,0
httpd,-1.4454145088710944,4.797,0
httpd,-0.28073698970057265,4.738,0
httpd,0.39259573656164076,3.598,0
httpd,-1.0255458252337952,4.421,0
httpd,-0.1261159889751046,4.628,0
httpd,-1.2916813072333266,4.499,0
httpd,-1.7749476673368134,4.785,0
httpd,-1.5827919428404942,4.11,0
httpd,1.0061265207797232,4.126,0
httpd,-1.0889480006671588,4.499,0
httpd,-1.953758538134563,4.639,0
httpd,0.23491935971569075,4.494,0
httpd,1.5231944429586666,3.873,0
httpd,0.4110182818176326,4.159,0
httpd,1.6357200733989747,4.499,0
httpd,1.7490391071524516,4.418,0
httpd,0.10426852036214997,4.514,0
httpd,-1.8147155349326207,4.488,0
httpd,1.0479154265802626,4.501,0
httpd,0.6150734617413735,4.785,0
httpd,0.7318027188531826,4.803,0
httpd,0.814986330422273,4.505,0
httpd,0.5265156975490587,4.124,0
httpd,-1.3689491137418903,4.687,0
httpd,-0.4715702698130195,4.755,0
httpd,0.0,1.638,1
httpd,0.0,4.934,2
httpd,0.0,4.483486486486487,3
httpd,0.0,4.532866242733415,4
httpd,0.0,4.4341067302395585,4
mupdf,-0.45589579654620155,6.158,0
mupdf,-1.9032595386872502,5.931,0
mupdf,0.36027061432666213,3.26,0
mupdf,-1.2145746387279701,8.739,0
mupdf,1.5139446382690513,6.863,0
mupdf,0.3575748660053475,6.741,0
mupdf,0.47108443952508855,6.688,0
mupdf,-0.412690146389601,5.982,0
mupdf,0.24114217994459924,6.878,0
mupdf,-0.23782514668251256,6.956,0
mupdf,-0.41921669410975576,6.878,0
mupdf,0.7859564375842845,3.951,0
mupdf,0.004293176869399947,6.313,0
mupdf,-2.187549046002816,6.18,0
mupdf,-0.4217743198859381,6.123,0
mupdf,0.23467937934000324,5.84,0
mupdf,0.5560778343812304,5.774,0
mupdf,0.507734632387667,5.949,0
mupdf,-1.313860206192174,6.079,0
mupdf,1.0100506807464675,5.966,0
mupdf,-0.3067395455957613,7.076,0
mupdf,-1.2155885496981527,6.701,0
mupdf,-0.06446755189171263,6.701,0
mupdf,0.5263885507402113,6.858,0
mupdf,0.28716025928489736,6.726,0
mupdf,0.22143739061899437,5.856,0
mupdf,0.4024687546063041,6.936,0
mupdf,1.9843730482095052,6.948,0
mupdf,-0.7699851397502756,7.025,0
mupdf,1.043321550273914,7.143,0
mupdf,-0.019631065472650804,7.088,0
mupdf,0.853158065200026,6.766,0
mupdf,1.689402162014085,6.752,0
mupdf,0.7625212935574732,5.934,0
mupdf,-0.110165305249146,6.012,0
mupdf,1.187785211278162,6.058,0
mupdf,-0.5061522132242636,5.948,0
mupdf,0.2701877211961903,5.853,0
mupdf,0.5404409290793296,7.052,0
mupdf,-0.9916029305209547,6.977,0
mupdf,-2.0338642152865387,5.625,0
mupdf,-0.7005169350614948,6.125,0
mupdf,1.2379179096005777,6.126,0
mupdf,0.20084861378986948,6.058,0
mupdf,0.5882259390086294,6.161,0
mupdf,-1.0944786705143557,6.04,0
mupdf,1.160880648938658,5.932,0
mupdf,0.3227107853942772,6.323,0
mupdf,0.09855060254846315,6.218,0
mupdf,0.9179903399402782,6.095,0
mupdf,-0.3782526154535076,5.997,0
mupdf,-0.4269589712505889,5.837,0
mupdf,-0.1164161951070831,7.035,0
mupdf,-1.0904974441683437,6.917,0
mupdf,0.379504959746401,6.759,0
mupdf,-0.9953197506896972,6.167,0
mupdf,0.4687732859118221,6.063,0
mupdf,2.0914849341332804,6.113,0
mupdf,-0.26256039615974924,6.087,0
mupdf,-0.43591580134604324,6.023,0
mupdf,1.5151243306462734,5.972,0
mupdf,0.5386334904869655,5.979,0
mupdf,-0.8923568743346759,6.199,0
mupdf,-1.311414634049506,6.045,0
mupdf,0.47830303070771923,6.464,0
mupdf,-0.1642710642121338,6.824,0
mupdf,1.9123262192430888,6.727,0
mupdf,-0.17420576302319538,6.28,0
mupdf,-0.24411800657216795,6.169,0
mupdf,-0.26789058231395074,6.678,0
mupdf,0.2567279812109734,6.713,0
mupdf,-0.36009994523673483,6.62,0
mupdf,1.961581177683127,6.61,0
mupdf,-0.3353539604320627,6.251,0
mupdf,0.14176489879235624,6.17,0
mupdf,0.09940870879651378,6.11,0
mupdf,0.7275117252603046,6.09,0
mupdf,-2.9309592239973727,6.017,0
mupdf,-2.065572344766771,6.913,0
mupdf,0.0,3.26,1
mupdf,0.0,8.739,2
mupdf,0.0,6.33153164556962,3
mupdf,0.0,6.406003793973185,4
mupdf,0.0,6.257059497166056,4
netsurf,-0.27769830482360447,3.383,0
netsurf,-0.7421566924216181,7.178,0
netsurf,1.140931192793431,8.72,0
netsurf,-0.46402784239808226,7.077,0
netsurf,-1.1631750505850453,8.916,0
netsurf,3.296377089867183,9.05,0
netsurf,-0.45980817250820355,7.227,0
netsurf,-1.2900615871167178,7.696,0
netsurf,-2.210979706934205,6.44,0
netsurf,-1.3540771315641764,7.546,0
netsurf,-0.32791907703300144,7.451,0
netsurf,1.0100522642218719,7.344,0
netsurf,-0.34873149731424913,7.365,0
netsurf,-0.9956495150062536,7.184,0
netsurf,0.4244349252507754,7.267,0
netsurf,-0.5513935801735406,7.184,0
netsurf,0.2100020380688207,7.227,0
netsurf,0.35998229606391535,9.507,0
netsurf,1.2357201584464643,8.941,0
netsurf,-0.9967718067113749,8.988,0
netsurf,-1.5748075216836954,7.723,0
netsurf,0.2729734814765615,7.778,0
netsurf,0.042335975093366104,7.392,0
netsurf,0.10769605919417076,7.333,0
netsurf,0.29717515318014825,7.237,0
netsurf,-0.05864333663454065,7.414,0
netsurf,-0.20558152995138282,7.455,0
netsurf,-2.373844673782732,7.366,0
netsurf,-2.5459560906008725,9.048,0
netsurf,-1.1531557419371237,8.971,0
netsurf,-0.557626778566588,7.557,0
netsurf,-0.9748585465732651,7.209,0
netsurf,-1.6951741464366386,7.084,0
netsurf,0.4513039186476867,7.135,0
netsurf,-0.4908991682284498,7.858,0
netsurf,0.6578567168247332,7.772,0
netsurf,0.0,3.383,1
netsurf,0.0,9.507,2
netsurf,0.0,7.61175,3
netsurf,0.0,7.785479242793455,4
netsurf,0.0,7.438020757206544,4
proftpd,-1.0931200072983516,5.719,0
proftpd,-1.0349425766563791,5.682,0
proftpd,-0.6182141009495561,5.548,0
proftpd,0.1982260274577238,5.501,0
proftpd,-0.1406815407485684,5.48,0
proftpd,-0.692254433243632,5.343,0
proftpd,-0.0806534855534722,5.129,0
proftpd,-0.10440185346435142,5.237,0
proftpd,2.15652588947497,4.997,0
proftpd,0.45953744329614854,5.705,0
proftpd,-0.3505497679551243,5.638,0
proftpd,2.053010012086935,5.575,0
proftpd,-0.48419335084502596,5.261,0
proftpd,0.12921256920872068,5.161,0
proftpd,-2.20324509386526,3.957,0
proftpd,-1.8354695820052547,4.072,0
proftpd,-0.32138967823309517,5.449,0
proftpd,-0.10794660344996987,5.344,0
proftpd,-1.1061457390969613,5.177,0
proftpd,-0.08028263589701357,5.815,0
proftpd,-0.13017825906767164,5.714,0
proftpd,0.485788324545065,5.244,0
proftpd,-0.2937352408316617,3.532,0
proftpd,1.0663584457014479,3.462,0
proftpd,0.5313214226405855,3.366,0
proftpd,0.19740392606316035,5.405,0
proftpd,-0.2444352565830448,3.689,0
proftpd,0.6221667772172628,3.618,0
proftpd,-0.4811536335345286,5.232,0
proftpd,0.3551788881304663,3.408,0
proftpd,-1.6868138198933742,5.133,0
proftpd,0.953610517767808,5.316,0
proftpd,0.5298038357876413,5.43,0
proftpd,-1.0179144462054184,5.461,0
proftpd,0.439636358270987,5.217,0
proftpd,1.8962021976453847,5.349,0
proftpd,0.15152322842463747,5.335,0
proftpd,-0.5315241936921984,4.982,0
proftpd,-0.5188909713184973,5.185,0
proftpd,0.573071467649965,3.377,0
proftpd,0.4401459598395721,5.463,0
proftpd,-0.2678092329654991,5.456,0
proftpd,-0.07314646104630064,5.368,0
proftpd,-0.1461125593287785,5.154,0
proftpd,-0.37458369602688346,5.353,0
proftpd,-2.1722101003728307,5.397,0
proftpd,0.3505152724016946,5.242,0
proftpd,-1.421533395285067,5.397,0
proftpd,0.525878969856809,5.173,0
proftpd,-1.99752801337756,5.267,0
proftpd,-0.7511542109815853,5.252,0
proftpd,-0.7056950173080513,5.157,0
proftpd,2.4653645848328924,4.929,0
proftpd,-1.3425858616257447,5.364,0
proftpd,0.7795985928219911,3.944,0
proftpd,1.0771255812809897,5.292,0
proftpd,0.816541630418848,5.193,0
proftpd,-0.04303513046142271,3.811,0
proftpd,1.1851538495176088,5.164,0
proftpd,-1.24859638121678,5.356,0
proftpd,1.615941453461437,5.333,0
proftpd,0.07282084582044485,5.415,0
proftpd,2.013809467107097,5.359,0
proftpd,1.1077948889530826,5.369,0
proftpd,0.7515373306770963,5.165,0
proftpd,-0.4376712015105867,5.45,0
proftpd,-0.3247435351776846,5.342,0
proftpd,0.5627360124716901,5.174,0
proftpd,-0.7370304136555726,5.342,0
proftpd,1.0713673274901196,5.314,0
proftpd,0.14457008509990632,4.93,0
proftpd,0.9988477832039087,5.459,0
proftpd,-0.7791229897674039,5.456,0
proftpd,-1.12427577828101,5.144,0
proftpd,0.6850710123303544,5.395,0
proftpd,-0.10364092888184308,5.347,0
proftpd,0.4743314059935458,5.443,0
proftpd,-0.354807539406396,5.567,0
proftpd,-0.07985358459920784,3.966,0
proftpd,2.090830600826344,3.306,0
proftpd,-0.7287374509877158,3.005,0
proftpd,-1.754446694207506,5.105,0
proftpd,0.19154884618616447,5.299,0
proftpd,0.8712872568980768,5.146,0
proftpd,-1.8119167497084934,3.94,0
proftpd,-0.05213405458243001,5.34,0
proftpd,0.09831479805856515,5.367,0
proftpd,0.9856909062098256,5.201,0
proftpd,0.26517960626408715,3.501,0
proftpd,0.012817497221455634,5.594,0
proftpd,0.13932097321942857,5.372,0
proftpd,0.2258117218571838,5.189,0
proftpd,0.5148711829436852,5.151,0
proftpd,0.49064174137697497,5.511,0
proftpd,-0.5387157304399159,5.253,0
proftpd,0.7061277489340011,5.148,0
proftpd,-2.393699789299297,5.174,0
proftpd,0.9083837513086178,5.425,0
proftpd,1.0382604336165075,5.366,0
proftpd,-1.1839794529244556,3.66,0
proftpd,1.394975724884828,5.293,0
proftpd,-1.5976327318745722,5.262,0
proftpd,0.2354644965761918,3.404,0
proftpd,1.4183690894821728,5.323,0
proftpd,0.2209025589220796,5.25,0
proftpd,-0.5931180457340209,5.299,0
proftpd,0.6792561008189776,3.408,0
proftpd,-2.5738979999230507,5.343,0
proftpd,0.38776744624596154,5.183,0
proftpd,0.029581662242319406,5.353,0
proftpd,-0.02902451312346961,5.173,0
proftpd,0.5137757332117818,5.583,0
proftpd,-0.683225624309235,5.157,0
proftpd,-0.9772352894297442,5.315,0
proftpd,3.647895382471793,5.244,0
proftpd,-0.17764614132917797,5.446,0
proftpd,-0.6881051055707973,5.259,0
proftpd,0.5950622929968183,5.077,0
proftpd,-0.49734359309455706,5.156,0
proftpd,0.1948975422562233,5.274,0
proftpd,-0.3649807372155384,5.292,0
proftpd,1.155403267185402,3.967,0
proftpd,0.4633953256915507,5.166,0
proftpd,-1.0833166931955287,5.202,0
proftpd,-1.234327432179668,5.384,0
proftpd,-1.3963425672843444,3.983,0
proftpd,-1.794503766038602,2.734,0
proftpd,1.8057123236954276,3.924,0
proftpd,-1.7251527100911135,5.473,0
proftpd,-1.8062501813283098,5.356,0
proftpd,-0.29293989341731147,5.179,0
proftpd,1.10672973400194,4.97,0
proftpd,1.1343366122697822,5.179,0
proftpd,-0.759280991582394,5.253,0
proftpd,-1.4773416619953665,5.297,0
proftpd,-0.801018213666819,5.244,0
proftpd,0.5045456759176181,5.319,0
proftpd,-0.4486679610049714,5.17,0
proftpd,0.9222094486221616,5.09,0
proftpd,1.9374645553679588,2.373,0
proftpd,1.3194827129167928,5.335,0
proftpd,-0.5692218475390892,5.179,0
proftpd,0.7594184895726523,5.394,0
proftpd,0.0,2.373,1
proftpd,0.0,5.815,2
proftpd,0.0,5.015839160839161,3
proftpd,0.0,5.073920600426854,4
proftpd,0.0,4.957757721251468,4
rekonq,-1.8899613833795776,3.789,0
rekonq,-1.7300730265319009,4.22,0
rekonq,-1.3944280636975863,3.408,0
rekonq,1.2469771957297628,3.285,0
rekonq,-1.1376436903566352,3.624,0
rekonq,0.15144219963790026,3.499,0
rekonq,0.40235234298201056,5.515,0
rekonq,1.0313295825708813,5.482,0
rekonq,2.2978596057427185,5.289,0
rekonq,1.0111237959098947,2.315,0
rekonq,1.1762551494892997,5.133,0
rekonq,-0.29621538734749175,4.897,0
rekonq,-1.8208279108448595,4.018,0
rekonq,-1.5466683292138523,3.965,0
rekonq,-1.3209408965199008,3.841,0
rekonq,0.4085234222110624,3.676,0
rekonq,0.9774948719031541,4.597,0
rekonq,-0.3856354641346127,4.302,0
rekonq,-0.6589573251933561,4.041,0
rekonq,-0.17689028229661294,3.016,0
rekonq,-0.9762990845532217,3.967,0
rekonq,-0.38859409553918145,4.171,0
rekonq,-0.5703674653887469,6.869,0
rekonq,-0.9538685620229385,6.672,0
rekonq,-0.8807525497260724,2.908,0
rekonq,-1.724991926539708,4.396,0
rekonq,0.6530390792029562,4.292,0
rekonq,-1.1732166636966013,4.376,0
rekonq,-1.6820378787820771,3.81,0
rekonq,0.19032752228631494,3.69,0
rekonq,0.19926453432347105,3.873,0
rekonq,2.2301508201471067,3.694,0
rekonq,-0.7300472802624455,3.25,0
rekonq,-0.1400385321963975,3.113,0
rekonq,0.20579581543178668,3.226,0
rekonq,-0.2325352903679312,3.739,0
rekonq,0.27181689799339265,3.452,0
rekonq,-0.9817513477854455,2.91,0
rekonq,-0.8570100424261076,2.829,0
rekonq,-2.4394267415504305,2.506,0
rekonq,-0.53681873554263,2.292,0
rekonq,0.33748037585513313,3.544,0
rekonq,-0.007004836642314183,3.459,0
rekonq,0.8028596907879151,3.254,0
rekonq,-0.013766215442886708,3.822,0
rekonq,0.43092336545118004,3.72,0
rekonq,-0.7429661231300705,3.313,0
rekonq,0.6197087153267772,6.993,0
rekonq,-1.3687949249181195,3.175,0
rekonq,1.782344330252516,3.271,0
rekonq,-0.36814220062199976,2.422,0
rekonq,-0.16809024696573577,2.02,0
rekonq,0.993402053958976,1.891,0
rekonq,-0.48156028627284236,3.554,0
rekonq,1.4660720767888518,3.451,0
rekonq,0.7642153436594811,3.427,0
rekonq,0.3177259087797867,3.38,0
rekonq,0.5220175120261478,3.242,0
rekonq,0.1765438943674005,3.204,0
rekonq,-1.9688466062946008,4.175,0
rekonq,-1.098669566233593,5.055,0
rekonq,-0.04469240372846875,4.492,0
rekonq,-1.371788055909323,2.263,0
rekonq,-0.5272925022910213,3.554,0
rekonq,0.4807008585928782,7.012,0
rekonq,0.6270286424446827,3.103,0
rekonq,-2.1059245618889837,2.583,0
rekonq,-1.799930234589429,2.258,0
rekonq,1.1162530949744185,3.973,0
rekonq,-1.4750289437893849,3.835,0
rekonq,0.24089668774431916,3.623,0
rekonq,-0.39751656920014833,2.607,0
rekonq,-0.2188702139071599,2.372,0
rekonq,-0.03168133706675475,3.121,0
rekonq,1.7657677330192347,6.988,0
rekonq,0.45475211404534177,3.983,0
rekonq,-0.2397177639345271,4.258,0
rekonq,-0.20237601744226238,7.26,0
rekonq,-1.7912640280425989,7.151,0
rekonq,-1.0537115095699279,2.846,0
rekonq,-0.9608906075536069,4.376,0
rekonq,-1.3583276164563065,3.71,0
rekonq,-0.636113568498399,4.174,0
rekonq,0.3249546621146426,3.273,0
rekonq,0.8929426554672959,3.424,0
rekonq,0.40966641597843856,4.244,0
rekonq,0.36145359586974085,3.205,0
rekonq,0.2983195120976499,3.358,0
rekonq,-0.19378595622089428,2.672,0
rekonq,0.5209889165353663,2.111,0
rekonq,0.5611385779937229,3.227,0
rekonq,-0.6784854765527546,3.07,0
rekonq,-0.5743495676863204,3.606,0
rekonq,-1.2490048948044565,3.264,0
rekonq,0.6765742389709037,7.173,0
rekonq,0.9878718693705539,4.325,0
rekonq,-0.971494707677312,3.786,0
rekonq,1.209283236913765,3.616,0
rekonq,0.13400052464748463,2.389,0
rekonq,0.9956604347238485,1.648,0
rekonq,-1.6599545479537878,1.505,0
rekonq,-0.02764749212925051,1.397,0
rekonq,-0.1709461376970112,1.327,0
rekonq,-0.01255314861456021,2.165,0
rekonq,0.9120482018404807,4.687,0
rekonq,-1.0054823280681595,3.613,0
rekonq,-1.2618119754601833,4.455,0
rekonq,0.3166968033431349,4.128,0
rekonq,-0.8563309881292017,3.394,0
rekonq,-0.8417232403319311,4.963,0
rekonq,-0.11533427486356596,4.719,0
rekonq,0.5886831523766617,3.069,0
rekonq,-0.6828198240705096,3.072,0
rekonq,-0.38896112272729405,3.833,0
rekonq,-1.0013617502470578,5.528,0
rekonq,-0.9376011316111071,4.619,0
rekonq,0.005492305372038013,5.847,0
rekonq,-1.816112826917332,5.694,0
rekonq,0.9287022566183022,5.292,0
rekonq,0.24884827625973976,5.06,0
rekonq,0.15741289698716568,4.832,0
rekonq,1.0104744564016497,3.364,0
rekonq,0.8424709059635714,4.743,0
rekonq,-1.5198987661074725,3.868,0
rekonq,0.7637775709090642,4.485,0
rekonq,-0.7534933522823698,4.385,0
rekonq,-0.7389172729690471,1.939,0
rekonq,0.9340769499794209,4.639,0
rekonq,0.12225291770256329,3.589,0
rekonq,0.0,1.327,1
rekonq,0.0,7.26,2
rekonq,0.0,3.833046511627907,3
rekonq,0.0,3.941285440303192,4
rekonq,0.0,3.724807582952622,4
thttpd,-1.1457961445832259,4.008,0
thttpd,0.6299402337631418,3.074,0
thttpd,0.25914358603620635,3.251,0
thttpd,-3.0993477759550525,3.423,0
thttpd,-0.09807913457682685,3.126,0
thttpd,0.1630828293518407,2.205,0
thttpd,-0.40334950567853983,2.143,0
thttpd,0.41065196145116867,3.436,0
thttpd,1.1456604176136536,3.39,0
thttpd,1.2951380704797928,3.075,0
thttpd,-1.6115036034283914,3.019,0
thttpd,0.24923553157417588,2.978,0
thttpd,0.0,2.143,1
thttpd,0.0,4.008,2
thttpd,0.0,3.094,3
thttpd,0.0,3.2419264252009334,4
thttpd,0.0,2.9460735747990667,4
hiawatha,1.390089316084417,4.432,0
hiawatha,-0.2889333148621327,4.119,0
hiawatha,-0.7639946674232235,4.724,0
hiawatha,0.2938233674718046,5.11,0
hiawatha,-1.0597207528838573,5.033,0
hiawatha,0.4387736733425852,4.568,0
hiawatha,-0.37592531009907926,4.727,0
hiawatha,-0.35735647070605675,4.656,0
hiawatha,-0.7123141777594685,4.574,0
hiawatha,-0.4058248779739677,4.467,0
hiawatha,0.10125115067233205,3.604,0
hiawatha,0.18053110967768576,4.58,0
hiawatha,-1.0156408016726934,4.518,0
hiawatha,0.5633759609604237,4.439,0
hiawatha,1.1964477938962836,4.589,0
hiawatha,2.269962241654333,4.367,0
hiawatha,0.11009117976001775,4.452,0
hiawatha,0.700545982880233,4.552,0
hiawatha,0.9728150591912885,4.431,0
hiawatha,-1.8480871668019392,4.467,0
hiawatha,-1.187439977764033,4.146,0
hiawatha,-0.6935211955691514,4.63,0
hiawatha,-0.45220825861824343,5.093,0
hiawatha,0.26373191771692966,4.952,0
hiawatha,0.518488769932695,4.888,0
hiawatha,-0.8265504133092029,4.548,0
hiawatha,0.7966316127002696,4.588,0
hiawatha,0.4937424848253314,4.959,0
hiawatha,-1.4108494043462283,4.48,0
hiawatha,-1.4630950577009108,4.646,0
hiawatha,0.0,3.604,1
hiawatha,0.0,5.11,2
hiawatha,0.0,4.577966666666666,3
hiawatha,0.0,4.633693081363999,4
hiawatha,0.0,4.522240251969333,4
webkitgtk,0.2852800705440163,2.387,0
webkitgtk,-0.33952955061078705,2.223,0
webkitgtk,0.7310540807915881,2.138,0
webkitgtk,-0.7319864056984668,1.924,0
webkitgtk,-1.3228724851627869,1.284,0
webkitgtk,-1.0735463235750191,1.236,0
webkitgtk,1.2524979490604171,1.266,0
webkitgtk,0.2891749251541777,1.679,0
webkitgtk,-0.5478471472575452,1.594,0
webkitgtk,-1.3304684220190086,1.548,0
webkitgtk,-0.5965923234339028,1.606,0
webkitgtk,-1.738169287341596,2.37,0
webkitgtk,-0.06302206992648286,1.99,0
webkitgtk,0.894483496265768,1.928,0
webkitgtk,2.199570230805396,1.875,0
webkitgtk,-0.42351059912380035,1.783,0
webkitgtk,-0.4869952656832462,1.679,0
webkitgtk,-0.24655518426312065,1.572,0
webkitgtk,1.3169809736317017,1.548,0
webkitgtk,1.304724244182398,1.379,0
webkitgtk,-0.5029495000277713,1.971,0
webkitgtk,-1.3252663029675837,1.861,0
webkitgtk,-1.6529656328388267,1.4,0
webkitgtk,0.5237221456861118,1.241,0
webkitgtk,0.4258997321670558,1.609,0
webkitgtk,-0.24723306953087068,0.987,0
webkitgtk,1.6270255042743584,1.792,0
webkitgtk,0.016238490371530467,1.424,0
webkitgtk,-0.3982930889363431,1.389,0
webkitgtk,0.2518583187568753,1.814,0
webkitgtk,-0.5415418892488362,1.232,0
webkitgtk,-1.0554958648029464,1.203,0
webkitgtk,-0.06323961771710883,1.937,0
webkitgtk,-0.7157629669866173,1.416,0
webkitgtk,0.8839248143114898,1.831,0
webkitgtk,1.4633456621464571,1.895,0
webkitgtk,-1.4237263790438548,1.78,0
webkitgtk,0.32996216368514864,1.716,0
webkitgtk,0.8830624134545504,2.111,0
webkitgtk,-0.2786583517671476,2.051,0
webkitgtk,-0.46280910505625444,1.993,0
webkitgtk,-0.25848312855572103,1.572,0
webkitgtk,0.8070947287463401,1.131,0
webkitgtk,0.21229320804246243,1.715,0
webkitgtk,0.10986453152137153,1.725,0
webkitgtk,-0.41728537697716056,1.967,0
webkitgtk,0.8266456671899831,1.765,0
webkitgtk,-0.5324913620750742,1.807,0
webkitgtk,-1.224712981395954,1.726,0
webkitgtk,-0.5312895536387875,1.605,0
webkitgtk,-2.058433817764497,1.583,0
webkitgtk,0.5587501299785019,1.482,0
webkitgtk,0.48548412162047544,1.344,0
webkitgtk,0.7832529979540597,2.151,0
webkitgtk,-1.3420196103960773,1.946,0
webkitgtk,-0.7326437575238046,1.71,0
webkitgtk,-1.3263845458394752,1.514,0
webkitgtk,-0.35268217667268276,2.589,0
webkitgtk,-0.8976624155982766,1.899,0
webkitgtk,1.1952771788242462,1.805,0
webkitgtk,1.793340622291984,1.726,0
webkitgtk,-0.5532897924169571,1.616,0
webkitgtk,-1.0820983780224724,1.995,0
webkitgtk,-0.6824115763440243,1.906,0
webkitgtk,0.15187056963782133,1.885,0
webkitgtk,-0.05803160908411714,1.918,0
webkitgtk,1.2365251252990819,1.991,0
webkitgtk,-0.429086077106663,1.646,0
webkitgtk,0.0,0.987,1
webkitgtk,0.0,2.589,2
webkitgtk,0.0,1.7261911764705884,3
webkitgtk,0.0,1.7641137806239675,4
webkitgtk,0.0,1.688268572317209,4
openssl,0.6267513746640376,3.869,0
openssl,-0.3925006734660873,3.755,0
openssl,-0.056862498874795185,2.289,0
openssl,-1.5702661856879752,2.08,0
openssl,0.1080338956220883,2.402,0
openssl,-1.8106898804365892,2.642,0
openssl,0.568033039368797,2.683,0
openssl,-0.6819125993656237,1.279,0
openssl,0.48711098226398564,1.909,0
openssl,-0.9263186640354805,3.765,0
openssl,-3.647977759407532,1.95,0
openssl,1.4776448882118054,3.996,0
openssl,1.2875820794386839,3.91,0
openssl,1.9721049191694056,3.857,0
openssl,2.5238826176875446,3.81,0
openssl,-0.9831780815917789,3.329,0
openssl,-0.1724676860488777,3.238,0
openssl,0.5136135264285472,3.191,0
openssl,1.2927450921560737,3.411,0
openssl,0.28143545909453965,3.909,0
openssl,1.5125008558724133,2.06,0
openssl,1.4776770669361852,2.164,0
openssl,-0.5921859369094852,2.097,0
openssl,-2.052214447585404,2.057,0
openssl,0.9817889441221711,1.995,0
openssl,0.7875883462426725,1.927,0
openssl,1.6633632989940261,1.971,0
openssl,0.02030028389030526,2.111,0
openssl,0.10620170316343801,2.152,0
openssl,0.6251110749822401,2.238,0
openssl,1.0199443720947228,2.369,0
openssl,0.9315367568786772,2.417,0
openssl,1.7907260813259742,1.894,0
openssl,0.2351043622910284,3.74,0
openssl,-0.5200583712875817,2.644,0
openssl,0.22449463864374372,2.01,0
openssl,-0.9140665735250197,2.261,0
openssl,-2.0394914818869796,3.819,0
openssl,-0.6359627306962825,3.831,0
openssl,0.8440845375657288,1.024,0
openssl,0.0,1.024,1
openssl,0.0,3.996,2
openssl,0.0,2.701375,3
openssl,0.0,2.835272510018307,4
openssl,0.0,2.567477489981693,4
firefox,-0.16959849550466466,1.385,0
firefox,-0.8681633985391675,0.797,0
firefox,0.9676832009542241,1.301,0
firefox,0.022134990203724628,1.228,0
firefox,0.10652286807014986,1.172,0
firefox,0.13078434421847412,0.964,0
firefox,0.2404253474425264,0.872,0
firefox,1.2231719081951309,0.829,0
firefox,-2.402263869965977,1.085,0
firefox,-0.21644585465748145,1.103,0
firefox,-0.5605667957522481,0.998,0
firefox,1.1094383103624994,0.879,0
firefox,1.2595877788162968,1.475,0
firefox,1.1268270490816312,1.515,0
firefox,-0.9341879106413511,1.514,0
firefox,-1.0308816651511434,1.462,0
firefox,-1.421927707765784,1.468,0
firefox,1.2213718427705318,0.885,0
firefox,0.12758765867352817,1.63,0
firefox,1.5823151308698014,1.465,0
firefox,0.43477416631717936,1.374,0
firefox,-0.706187168373682,0.989,0
firefox,0.28160274590981277,1.441,0
firefox,-0.30925773816995233,1.609,0
firefox,0.2050376318080213,1.675,0
firefox,0.0,0.797,1
firefox,0.0,1.675,2
firefox,0.0,1.2446,3
firefox,0.0,1.3011703396961105,4
firefox,0.0,1.1880296603038893,4
chromium,1.0043569182029326,4.207,0
chromium,-0.6133160805995373,4.649,0
chromium,-0.912373011753573,4.643,0
chromium,-0.954677519935159,3.774,0
chromium,-1.1262303953475876,4.186,0
chromium,-0.6803168044477711,4.066,0
chromium,-0.9650728036787516,4.12,0
chromium,-1.286681531297585,4.181,0
chromium,-0.3544049158897249,4.045,0
chromium,-0.1865432455829967,3.836,0
chromium,-0.16953882423073216,3.805,0
chromium,1.1111252453603229,4.557,0
chromium,-1.827855005105323,4.404,0
chromium,0.40394837308363535,4.314,0
chromium,0.68429823145892,4.216,0
chromium,0.09918125099843274,4.447,0
chromium,-0.9639739314559126,4.328,0
chromium,-2.099540819329813,4.121,0
chromium,-3.0550279185666795,4.002,0
chromium,-0.7883582404904433,3.888,0
chromium,-0.35859378363952615,5.243,0
chromium,-0.08024596322121934,5.144,0
chromium,-0.33463268277541947,5.039,0
chromium,1.5640914227689238,4.946,0
chromium,1.3392297465315621,4.783,0
chromium,0.633356688822942,4.448,0
chromium,-0.9550775186290263,4.375,0
chromium,-1.4697795135191225,3.768,0
chromium,-2.0528866799790118,3.64,0
chromium,1.5277671396808457,3.542,0
chromium,-0.30263176872469705,4.385,0
chromium,1.3733580928388993,5.559,0
chromium,-0.29714082235068684,4.789,0
chromium,-0.5255078677216926,4.099,0
chromium,-0.8142871131094488,4.058,0
chromium,0.28973885260659016,3.97,0
chromium,1.9989986571657525,3.858,0
chromium,-0.31777560506190466,3.745,0
chromium,0.6911988673258325,3.628,0
chromium,0.14555036837067764,5.033,0
chromium,1.3875456680744647,4.956,0
chromium,1.2057150432052512,4.225,0
chromium,1.0269478152864897,4.154,0
chromium,0.7503500379507144,4.995,0
chromium,0.25721326246935833,4.204,0
chromium,-0.34278714828496526,5.277,0
chromium,-1.110133559146132,5.549,0
chromium,0.3300061602288263,5.333,0
chromium,-0.8872068755734808,5.152,0
chromium,0.36359096323232426,4.034,0
chromium,0.47991497825038054,3.936,0
chromium,0.5565239056412478,3.817,0
chromium,-0.07918166038408583,4.609,0
chromium,0.438302577993435,4.42,0
chromium,0.6014292305487662,4.32,0
chromium,-0.6752869424852922,4.507,0
chromium,0.5979854471621086,4.255,0
chromium,1.098594798188299,4.767,0
chromium,0.9424555893847554,4.569,0
chromium,0.8716647046053101,4.451,0
chromium,-0.48249085875619224,4.356,0
chromium,-1.24681666371383,4.268,0
chromium,-0.040770765768584606,4.152,0
chromium,-0.884093551005271,4.063,0
chromium,0.2493034149806596,3.973,0
chromium,-0.22174782768534154,3.996,0
chromium,0.24377475546323887,4.129,0
chromium,-2.0229644319766913,4.616,0
chromium,-0.5769687518407735,4.536,0
chromium,1.413791799822085,4.351,0
chromium,0.014822649330193479,4.549,0
chromium,-0.7990687257695813,4.34,0
chromium,-0.29910893442733666,4.219,0
chromium,-2.0382992789294794,3.602,0
chromium,-0.17527088757188736,4.061,0
chromium,-0.3344651308291101,4.225,0
chromium,-1.071499179441558,4.058,0
chromium,-1.7183406187806456,4.135,0
chromium,1.1081496667799375,4.195,0
chromium,1.3929011462286114,4.068,0
chromium,0.09883802715000692,5.114,0
chromium,-0.2698552921259811,4.131,0
chromium,-0.9689050029524566,4.063,0
chromium,0.547640121433592,4.157,0
chromium,-0.7519729966323477,4.152,0
chromium,0.5267379067513153,5.337,0
chromium,0.2394015875391604,5.259,0
chromium,1.5336224234866593,5.083,0
chromium,-1.4132559319108988,4.931,0
chromium,0.2406336310880074,5.121,0
chromium,-0.5226392193299345,3.84,0
chromium,0.2960006653290852,3.829,0
chromium,0.37217843513681276,3.779,0
chromium,0.8281793105086775,3.672,0
chromium,-0.5847781643919343,4.143,0
chromium,1.2217291527629979,4.049,0
chromium,-0.5676156879785794,4.176,0
chromium,0.18429699438486963,4.12,0
chromium,1.3528519704708877,4.079,0
chromium,0.12897432744519885,3.939,0
chromium,-2.169048496892331,4.227,0
chromium,-0.5468166346056437,3.944,0
chromium,-1.8464490668650462,4.315,0
chromium,-0.6884694489689579,3.703,0
chromium,1.4230408010382165,4.208,0
chromium,0.005156705654850751,4.213,0
chromium,0.8505539063565893,4.373,0
chromium,1.9521042498205605,4.332,0
chromium,-1.757958100809219,3.959,0
chromium,-0.7318924509922029,5.202,0
chromium,0.9771934412294158,4.308,0
chromium,0.159300849345257,5.374,0
chromium,-0.8045264595611751,4.382,0
chromium,0.5473806888567516,5.113,0
chromium,-1.3459999226132506,3.722,0
chromium,-0.7669106251984977,4.338,0
chromium,0.6236198908114509,4.247,0
chromium,-0.7860521227421472,4.31,0
chromium,-0.9741756059572719,4.213,0
chromium,0.17975374910092684,4.436,0
chromium,-0.8038726489252577,5.312,0
chromium,-0.17894874298551516,5.57,0
chromium,2.3655827059319945,5.452,0
chromium,-0.8948103554896766,3.695,0
chromium,-1.0718546167188907,4.851,0
chromium,0.8961456047629717,4.078,0
chromium,-0.17799452632605844,4.24,0
chromium,1.0735728012932002,4.402,0
chromium,-1.7009017977269192,4.217,0
chromium,-0.8071765116296419,4.317,0
chromium,-3.044767744954885,3.968,0
chromium,-0.051637651930322874,3.964,0
chromium,-1.9135441714675725,3.954,0
chromium,-0.219848162187367,4.147,0
chromium,1.8901742940382522,4.031,0
chromium,-0.7591095238671478,4.057,0
chromium,-1.6675580321639298,4.233,0
chromium,-1.386674916263777,4.609,0
chromium,-0.38921339391261744,5.775,0
chromium,-0.4842565144735646,5.652,0
chromium,-1.7529053494792803,5.655,0
chromium,-1.3574853512305463,5.438,0
chromium,-0.7148708029015953,5.719,0
chromium,2.6536202222605065,4.107,0
chromium,-1.0364202210057596,4.264,0
chromium,-1.5700468744771394,4.199,0
chromium,-0.34156070450308784,4.144,0
chromium,-1.216373431413467,4.351,0
chromium,0.6374116905979481,4.323,0
chromium,-1.1305657088182746,4.634,0
chromium,-1.4347545923624867,4.597,0
chromium,-1.7308806965162844,4.338,0
chromium,-0.9328713931505982,4.716,0
chromium,-1.4651870412095114,4.628,0
chromium,-1.0423570830211295,5.313,0
chromium,-0.03980936273457001,4.39,0
chromium,-1.0839623992110612,4.336,0
chromium,1.9417333283839646,4.248,0
chromium,-0.8358505741685338,5.382,0
chromium,-1.157864488541294,5.302,0
chromium,0.48128094431018903,4.018,0
chromium,-0.8139114435928316,4.22,0
chromium,0.8177774351618604,4.115,0
chromium,0.0765562311303849,5.146,0
chromium,-3.3602224627914823,5.05,0
chromium,-0.5986719840801846,5.719,0
chromium,0.8232580965839488,5.928,0
chromium,-1.8667874197353083,4.7,0
chromium,0.6888665346857035,4.693,0
chromium,0.2012037909471625,5.797,0
chromium,-0.21631454312486456,5.485,0
chromium,-1.5406555885716748,5.362,0
chromium,-0.49480582860804995,5.269,0
chromium,0.18202092121372537,4.17,0
chromium,1.083727151455146,4.305,0
chromium,-1.14180819832327,4.19,0
chromium,0.5259147390045629,3.923,0
chromium,1.1448679725494726,3.9,0
chromium,-0.8995645392668526,3.856,0
chromium,3.4817541779814083,4.298,0
chromium,0.05276130889230648,5.368,0
chromium,0.6771456981604959,4.46,0
chromium,-0.10817225323844867,4.605,0
chromium,-0.6979476996449847,4.291,0
chromium,-0.07059462409862152,3.998,0
chromium,0.8390836676446033,4.251,0
chromium,-1.8996940263899253,4.187,0
chromium,1.2205568962961497,5.166,0
chromium,0.30146569146487945,4.247,0
chromium,-0.7153391198755548,4.14,0
chromium,-1.3077644679832066,5.442,0
chromium,-0.3436691588925834,4.077,0
chromium,-0.0691051331887477,4.007,0
chromium,0.06236098310040224,4.566,0
chromium,1.0715881466777286,4.204,0
chromium,1.1748280950898915,4.329,0
chromium,0.15361405175553536,4.261,0
chromium,0.5282501235811816,4.2,0
chromium,-1.077353151063581,4.267,0
chromium,1.1331821825209942,5.542,0
chromium,1.1503696720869956,5.427,0
chromium,-1.4103016272973872,5.288,0
chromium,-1.0817558453657024,5.511,0
chromium,-1.85751968760806,5.472,0
chromium,-0.9820639324074356,4.445,0
chromium,2.4825674211771425,4.508,0
chromium,1.9824852987569612,4.4,0
chromium,0.5468995202525977,4.225,0
chromium,0.13035011293979198,3.96,0
chromium,-0.6880359255330953,5.293,0
chromium,-0.4322539762135344,5.128,0
chromium,1.0629424866083315,4.93,0
chromium,1.4606003149308777,4.88,0
chromium,2.093488993134627,4.375,0
chromium,-1.8289392257154258,4.338,0
chromium,-2.0768051355737582,4.259,0
chromium,-1.0963838761157054,5.437,0
chromium,1.1677580968173846,5.361,0
chromium,1.2434225654164839,5.277,0
chromium,0.578745355659145,5.135,0
chromium,0.11872501428172925,5.048,0
chromium,-0.06666955142065592,5.236,0
chromium,1.4838110844986303,5.477,0
chromium,-1.8377278808144166,5.376,0
chromium,0.5572767846965359,4.072,0
chromium,-1.724019688314643,3.95,0
chromium,-0.06451224578968864,4.053,0
chromium,-0.5372672782941492,5.464,0
chromium,0.5110394529772398,5.35,0
chromium,-0.8757400131481229,4.443,0
chromium,-0.07382090841952134,4.355,0
chromium,-1.393031780723835,4.244,0
chromium,-0.3734885492406288,5.313,0
chromium,-0.2511609797326449,5.225,0
chromium,1.5906723222970143,5.632,0
chromium,0.9512469274148284,5.736,0
chromium,1.577561260417989,5.635,0
chromium,-0.12749193635520426,5.43,0
chromium,-1.7760354011896382,5.35,0
chromium,-1.3797158088423283,5.254,0
chromium,-0.07338400763884537,5.141,0
chromium,-0.9991866876825752,5.131,0
chromium,1.094947662629211,4.769,0
chromium,1.5708225932987276,4.669,0
chromium,-3.091337796336687,4.579,0
chromium,-1.7908324346904576,4.511,0
chromium,1.842826108146049,4.403,0
chromium,-0.015220338122937842,4.296,0
chromium,0.4955973751982766,4.185,0
chromium,0.2608997713603358,4.075,0
chromium,1.613594056578347,4.242,0
chromium,-0.6871602620116996,4.05,0
chromium,0.3669476309311229,4.0,0
chromium,0.5050508353125723,5.185,0
chromium,0.49453873323920844,5.291,0
chromium,-1.7324901131743153,3.974,0
chromium,-0.16673001887367486,5.022,0
chromium,-0.9258495993383499,4.244,0
chromium,0.3710364162168249,4.188,0
chromium,-1.213018874344335,4.197,0
chromium,-0.7194132826561878,4.212,0
chromium,0.043401664172643906,4.131,0
chromium,-0.5990796617290841,4.076,0
chromium,-0.3492082658083313,4.244,0
chromium,1.0303754841721473,4.552,0
chromium,-1.819620475261219,4.359,0
chromium,-0.3835837160504855,4.257,0
chromium,2.1488063679835907,5.818,0
chromium,0.2786443118408321,5.726,0
chromium,-1.311817387670221,5.632,0
chromium,-0.7435212670464845,5.547,0
chromium,1.064666758930915,5.132,0
chromium,-0.28125814243785424,4.24,0
chromium,-0.03386918414590602,5.141,0
chromium,0.5277623216801631,4.306,0
chromium,-1.7110749376625576,4.094,0
chromium,0.1774356951090178,4.04,0
chromium,0.035850107436548595,3.943,0
chromium,0.5510947928231299,3.957,0
chromium,0.2902462437587251,3.867,0
chromium,0.8582809104015439,3.77,0
chromium,-0.3997951735418908,3.713,0
chromium,0.603283963642926,4.286,0
chromium,-0.5523877145731442,3.804,0
chromium,0.27967900299732834,4.32,0
chromium,1.023002707308163,4.239,0
chromium,0.5154713558726038,5.458,0
chromium,0.022931636664096335,4.501,0
chromium,-0.5165116400813273,4.414,0
chromium,-0.23842795191999466,4.312,0
chromium,0.0761945945985236,4.221,0
chromium,-0.5372638484979467,3.445,0
chromium,-0.9584919634918684,4.65,0
chromium,-0.16000361118379414,4.49,0
chromium,-2.756795939640056,4.269,0
chromium,0.8536880576519741,4.169,0
chromium,-0.7973756084769098,4.233,0
chromium,-0.9854326161048593,4.347,0
chromium,1.7818750921868352,5.392,0
chromium,0.16922087115190956,5.521,0
chromium,1.4418917539920595,5.401,0
chromium,-0.7002868873192183,5.514,0
chromium,2.3315641363828674,5.709,0
chromium,0.7912414294774168,5.611,0
chromium,-0.17957348529212017,3.986,0
chromium,0.3082676603365442,4.269,0
chromium,0.29488240430032625,4.356,0
chromium,-0.34039391849721096,4.188,0
chromium,-1.5406275851984217,4.287,0
chromium,0.8459029192259265,4.211,0
chromium,-1.6352248720552875,4.042,0
chromium,-0.2026293604360618,5.32,0
chromium,0.3986618300423451,5.768,0
chromium,-1.9284564873175896,5.705,0
chromium,1.4788088678403024,5.589,0
chromium,1.708599560848369,5.605,0
chromium,0.7372831930215096,4.247,0
chromium,2.067306782323331,4.241,0
chromium,-0.65691559418267,4.409,0
chromium,-0.41851875701826236,4.333,0
chromium,-2.139607882594352,4.244,0
chromium,1.436118174339464,4.846,0
chromium,-1.236131330742238,4.387,0
chromium,0.8225928336121231,4.278,0
chromium,0.2798084240399505,4.186,0
chromium,-0.011488774691184034,5.13,0
chromium,0.4759038813810485,3.98,0
chromium,0.8257116092928418,4.025,0
chromium,0.3784134625647339,3.933,0
chromium,-0.7176276440279843,3.881,0
chromium,-0.6407894902132003,3.773,0
chromium,1.5061212250591558,3.881,0
chromium,1.0168657432068362,4.075,0
chromium,1.4518717988376342,4.141,0
chromium,-1.5582294963502987,4.222,0
chromium,0.5648606417236146,4.307,0
chromium,-0.6259368217706166,4.026,0
chromium,0.38995835349735236,5.441,0
chromium,-0.8716904331744344,5.547,0
chromium,-0.9068262679920586,4.438,0
chromium,0.581669130315994,5.274,0
chromium,1.4995059198967897,4.223,0
chromium,2.00208830722636,4.396,0
chromium,1.6545935823430857,4.316,0
chromium,1.6040053462453285,4.406,0
chromium,1.5972965176312208,4.153,0
chromium,1.2203557481068672,5.721,0
chromium,0.15034777442798103,4.459,0
chromium,2.164930599758935,3.712,0
chromium,1.3825145650776673,3.764,0
chromium,2.001156296678195,4.29,0
chromium,-0.874224383854959,5.162,0
chromium,-0.3377680586377659,4.442,0
chromium,1.0825019887796168,3.78,0
chromium,-1.1971295081413247,5.525,0
chromium,-0.1365272795529605,5.416,0
chromium,-0.14576939704804717,5.333,0
chromium,0.6445254539315585,4.354,0
chromium,-0.5234838860641989,4.267,0
chromium,0.08001002503950054,4.102,0
chromium,-1.093329325799208,4.422,0
chromium,-0.5185595567071069,4.334,0
chromium,0.5460153209070849,4.146,0
chromium,-0.9438650345459455,3.801,0
chromium,0.7823756068423818,4.84,0
chromium,0.2921045877835579,3.724,0
chromium,-0.37709524597664046,4.094,0
chromium,1.3196677398736678,4.302,0
chromium,-1.13042820078348,4.526,0
chromium,0.11397030566257808,4.405,0
chromium,-1.1118078560469244,4.367,0
chromium,0.6140459082867836,4.419,0
chromium,-0.5717449060409517,4.277,0
chromium,1.1982047567241243,4.046,0
chromium,0.6076866280404295,4.156,0
chromium,-0.7343270069965553,5.486,0
chromium,-0.7236097459953462,5.407,0
chromium,-0.27400699850834864,5.302,0
chromium,-0.16649147625417596,4.016,0
chromium,-0.28956939171607626,4.479,0
chromium,-1.0726571920492567,4.424,0
chromium,0.3746562579233438,4.33,0
chromium,-1.1582150976706576,4.215,0
chromium,1.0443481641730494,4.283,0
chromium,-0.21942866381819637,4.297,0
chromium,-0.7402079310492008,4.238,0
chromium,-1.5690134586952058,4.523,0
chromium,0.28516923310389436,4.185,0
chromium,1.8220459361646095,5.241,0
chromium,-0.9582277095415883,4.203,0
chromium,0.08268914129677774,5.022,0
chromium,-1.4967521535186294,4.488,0
chromium,1.4202713741797712,5.106,0
chromium,0.5963013637021952,3.827,0
chromium,0.24529213235754657,3.939,0
chromium,-0.036138416729435546,3.596,0
chromium,-1.671426580254978,3.708,0
chromium,1.261974266098091,3.828,0
chromium,-0.39220943613772163,4.244,0
chromium,0.31809365748916496,3.725,0
chromium,-1.624504008567637,3.855,0
chromium,0.6287456242760958,4.272,0
chromium,-1.3217681052070118,3.744,0
chromium,-1.6240482471926863,3.727,0
chromium,-0.6523177627841873,4.053,0
chromium,-0.9518443962417021,3.898,0
chromium,0.5524139015039625,4.497,0
chromium,-0.3342439444733246,4.07,0
chromium,0.0,3.445,1
chromium,0.0,5.928,2
chromium,0.0,4.5036813725490195,3
chromium,0.0,4.532017641796293,4
chromium,0.0,4.475345103301746,4
xpdf,-0.03370470129762681,6.475,0
xpdf,-0.40222269404722405,6.372,0
xpdf,0.2605570328279089,6.385,0
xpdf,-0.432447493515548,6.634,0
xpdf,0.3567985579887141,8.53,0
xpdf,0.38363044596992163,7.52,0
xpdf,-0.2134415498389704,6.228,0
xpdf,1.785694111131735,10.321,0
xpdf,-0.9040965570520859,8.995,0
xpdf,-0.20091996187088326,6.255,0
xpdf,-0.04213537747570906,2.915,0
xpdf,0.058183326176210165,8.91,0
xpdf,-1.015038765003438,9.995,0
xpdf,0.16035324478115787,7.924,0
xpdf,-0.8317050718212567,7.947,0
xpdf,1.254402570332346,7.803,0
xpdf,0.0,2.915,1
xpdf,0.0,10.321,2
xpdf,0.0,7.4505625,3
xpdf,0.0,7.899664399802539,4
xpdf,0.0,7.00146060019746,4
nginx,-0.37760023867823156,4.507,0
nginx,-0.058717720201787796,4.554,0
nginx,-0.2988402037252704,4.936,0
nginx,0.10528271794436297,5.215,0
nginx,-0.16801326501036568,5.311,0
nginx,-0.8792617915320999,4.54,0
nginx,0.9320184056412606,4.539,0
nginx,1.2914904105924065,4.597,0
nginx,-1.1842331389568554,4.535,0
nginx,0.15462710969458518,1.391,0
nginx,0.4082908028178357,4.55,0
nginx,-1.300553720578795,4.537,0
nginx,-1.2498679245670368,4.605,0
nginx,1.3367314510331068,4.536,0
nginx,0.03294777731170939,4.559,0
nginx,0.4213916435986494,4.508,0
nginx,0.05111842185466098,4.64,0
nginx,-0.9401323889848732,4.622,0
nginx,0.5439881979671741,4.525,0
nginx,-0.040946456448134376,4.6,0
nginx,-0.1801307940160314,4.567,0
nginx,-0.939891754518997,4.567,0
nginx,0.9980976553288934,4.536,0
nginx,-0.5565110028963586,4.564,0
nginx,1.0040781291044283,4.508,0
nginx,-0.6958389929071324,4.519,0
nginx,-0.6008532174194693,4.622,0
nginx,1.4984885505566838,4.579,0
nginx,1.7484569742529164,4.661,0
nginx,0.22049233624871245,4.567,0
nginx,-0.0010402092959943068,4.532,0
nginx,0.3188464948238044,4.653,0
nginx,0.3985765998527709,4.589,0
nginx,-1.5464424242372612,4.391,0
nginx,0.35214454931956063,4.528,0
nginx,-1.2487281688631653,4.529,0
nginx,0.1592536195615977,4.592,0
nginx,1.624059973972397,4.534,0
nginx,0.47558728474120365,1.861,0
nginx,0.4059511846249394,4.509,0
nginx,0.028584369870068998,4.512,0
nginx,-3.6341933069440295,4.538,0
nginx,-1.217127088264605,4.502,0
nginx,-2.094988728428193,4.538,0
nginx,0.532773409002138,4.555,0
nginx,0.34995940770466233,4.632,0
nginx,-0.4097889664527803,4.543,0
nginx,-0.5931355039235718,4.473,0
nginx,-0.7441008550118922,4.527,0
nginx,-0.9152739420717926,4.534,0
nginx,-0.2882283720920765,4.517,0
nginx,-0.95759078741183,4.473,0
nginx,-2.494593039607717,4.533,0
nginx,-0.2964225871795801,4.531,0
nginx,1.5174473294740771,4.478,0
nginx,0.5189606083069893,4.588,0
nginx,0.6404922733658329,4.535,0
nginx,-0.9376416908928004,4.538,0
nginx,-0.37612460203865417,4.558,0
nginx,0.8850452481285326,4.673,0
nginx,1.162319042246992,4.623,0
nginx,-0.008078707539840304,4.476,0
nginx,-0.5719612736762817,4.543,0
nginx,0.29286176400838815,4.577,0
nginx,-0.17957736318808923,4.542,0
nginx,0.57134383989362,4.59,0
nginx,0.5433858804606879,4.562,0
nginx,0.2739534996432389,4.539,0
nginx,-1.0087431005815946,4.433,0
nginx,-1.322738789928332,4.592,0
nginx,-0.34653691030177464,4.576,0
nginx,-0.6989022955410427,4.522,0
nginx,-0.1481222764394675,4.556,0
nginx,1.0640214703237623,4.423,0
nginx,1.9721170642630754,4.529,0
nginx,0.798185597972772,4.552,0
nginx,2.7092923778377123,4.552,0
nginx,1.3954712220233123,4.571,0
nginx,0.96511875402547,4.716,0
nginx,1.262873789830173,4.545,0
nginx,2.0192577133828737,4.53,0
nginx,-0.20800211957691644,4.614,0
nginx,-1.1397598570701655,4.546,0
nginx,-0.8473451774280937,4.525,0
nginx,-1.2963656998752313,4.436,0
nginx,0.3847391352861771,4.483,0
nginx,-0.08611041451261327,4.444,0
nginx,0.3356587869541894,4.474,0
nginx,-1.0522299982187724,4.571,0
nginx,-1.145686798203025,4.559,0
nginx,1.589912532644067,4.526,0
nginx,-1.163790026809992,4.478,0
nginx,-2.2099938005259356,4.566,0
nginx,-0.6188828095351387,4.527,0
nginx,1.0282665443695849,1.82,0
nginx,0.47381862721056534,4.477,0
nginx,0.0802014042364098,4.53,0
nginx,0.4287342887601213,4.548,0
nginx,0.6084995851074979,4.538,0
nginx,-0.8913748552601283,4.42,0
nginx,-1.2117232888736746,4.506,0
nginx,-0.6805319763366158,4.522,0
nginx,0.7475676461455301,4.538,0
nginx,-0.3111839912450466,4.56,0
nginx,1.5452282346255326,4.532,0
nginx,1.025021224220669,4.427,0
nginx,0.7364152104414646,4.577,0
nginx,1.1297270809025433,4.291,0
nginx,-0.5467654285006776,4.465,0
nginx,1.1777286648955452,4.558,0
nginx,1.573283954360061,4.514,0
nginx,0.0,1.391,1
nginx,0.0,5.311,2
nginx,0.0,4.478504504504505,3
nginx,0.0,4.524332466588178,4
nginx,0.0,4.432676542420831,4
tor,0.9981246469033002,8.071,0
tor,1.7505437381674023,7.993,0
tor,-1.1460463663542053,7.916,0
tor,-0.05734099820804157,7.759,0
tor,1.0554884113323435,7.644,0
tor,-0.04110819138450752,6.416,0
tor,0.424786878793823,5.178,0
tor,1.7216261870288752,7.52,0
tor,-0.569415387451535,8.958,0
tor,-0.6377932259185829,8.875,0
tor,1.8762743664693018,7.789,0
tor,-0.04033419955039646,8.67,0
tor,-0.12744656390534378,6.368,0
tor,-0.1141594290087604,6.332,0
tor,-0.9877098889918795,8.897,0
tor,0.33949179768392873,1.425,0
tor,-1.5110578662192977,1.248,0
tor,1.2696949494676109,4.672,0
tor,0.9787007793909736,4.097,0
tor,0.8828526494322845,4.01,0
tor,-0.23908852794272414,4.515,0
tor,-1.2006265206909057,4.09,0
tor,-1.1562798136040935,4.63,0
tor,-0.9947436911985165,4.658,0
tor,0.5040753162674207,4.871,0
tor,-1.1316530969333882,4.871,0
tor,-0.9344073447808612,4.141,0
tor,0.7716495306554678,4.276,0
tor,1.421362178899196,2.594,0
tor,0.45273032142971575,4.303,0
tor,0.7101515425248063,4.594,0
tor,0.12087983537493695,3.992,0
tor,-0.6790724647531412,4.642,0
tor,0.5762569228408677,4.642,0
tor,-0.33513117880428933,4.716,0
tor,0.42047335376077066,4.642,0
tor,0.2524953253931416,4.716,0
tor,-0.13930562167494676,4.898,0
tor,-0.39742031589723964,4.78,0
tor,2.130939204519643,4.636,0
tor,-0.9636956368178529,2.622,0
tor,0.0,1.248,1
tor,0.0,8.958,2
tor,0.0,5.406512195121952,3
tor,0.0,5.717969347015746,4
tor,0.0,5.095055043228157,4
sqlite3,0.5339968199940825,2.384,0
sqlite3,0.4255000932213263,3.028,0
sqlite3,-0.35310456840650084,2.484,0
sqlite3,-0.7413676215477372,2.94,0
sqlite3,-0.5629256157669688,3.198,0
sqlite3,0.08345793680261916,2.293,0
sqlite3,-1.4695068506883817,2.817,0
sqlite3,0.8611594288093735,2.771,0
sqlite3,-0.1246713305184153,2.875,0
sqlite3,1.0968754546517396,2.28,0
sqlite3,-1.6145472925528037,1.813,0
sqlite3,0.6344999182978718,2.437,0
sqlite3,1.075275285445946,3.256,0
sqlite3,-0.12186891461645037,2.686,0
sqlite3,-2.3366672508436195,3.183,0
sqlite3,-1.9229576153170376,3.113,0
sqlite3,0.594782271101033,2.391,0
sqlite3,0.25189084007990764,2.829,0
sqlite3,0.7086985769020323,2.817,0
sqlite3,1.154264952597939,3.035,0
sqlite3,0.29947723860021047,2.889,0
sqlite3,-0.4196643900108973,3.178,0
sqlite3,-0.8726946161577588,3.161,0
sqlite3,2.0789329653092192,3.097,0
sqlite3,1.226026123003018,3.088,0
sqlite3,0.6634672117083441,3.038,0
sqlite3,0.13501457963301566,2.961,0
sqlite3,-1.3632992516430995,2.851,0
sqlite3,-0.40244520187065064,2.761,0
sqlite3,0.9086622718938708,2.641,0
sqlite3,0.850215442511836,2.566,0
sqlite3,0.531497970031384,2.54,0
sqlite3,0.20352002985172607,2.295,0
sqlite3,-1.1238326980377262,2.193,0
sqlite3,-0.5176466563826123,2.108,0
sqlite3,-0.6390275292620825,2.038,0
sqlite3,0.1842728575541522,1.962,0
sqlite3,-1.8786598019059457,1.795,0
sqlite3,0.24900472169466062,2.184,0
sqlite3,-0.6420013935352481,3.019,0
sqlite3,-0.7416820460035257,2.706,0
sqlite3,-1.1389951525532116,2.612,0
sqlite3,-1.1606071998659189,2.446,0
sqlite3,-1.9356767074613803,2.378,0
sqlite3,-0.4229759178612928,2.592,0
sqlite3,0.6454238175443885,1.817,0
sqlite3,-1.538457504306217,2.301,0
sqlite3,-1.0151443067699892,1.861,0
sqlite3,1.8761070038182168,2.096,0
sqlite3,-0.3226029848090387,2.031,0
sqlite3,0.049856977642193656,1.964,0
sqlite3,2.183436573836815,1.882,0
sqlite3,-0.28440839081065433,2.33,0
sqlite3,-1.2400390268561954,2.249,0
sqlite3,-0.7466010875030344,3.217,0
sqlite3,-0.669576469218905,2.354,0
sqlite3,0.40607256892196797,2.315,0
sqlite3,0.04220812990847353,2.202,0
sqlite3,0.8321473155707494,2.514,0
sqlite3,-0.6977760806992,2.257,0
sqlite3,1.0601242046454846,3.273,0
sqlite3,0.48088291023998275,3.234,0
sqlite3,1.0289742798718016,2.261,0
sqlite3,0.12939785224585962,2.704,0
sqlite3,-1.0341269804981221,2.14,0
sqlite3,0.3124809828505304,2.063,0
sqlite3,0.908282482386944,1.983,0
sqlite3,0.8850378895957227,4.394,0
sqlite3,-0.7901053015024481,4.533,0
sqlite3,-1.12216640087851,2.348,0
sqlite3,1.2623469194927075,2.404,0
sqlite3,-0.14694123600496778,2.35,0
sqlite3,0.2643852936501091,2.445,0
sqlite3,1.072656950317592,2.374,0
sqlite3,0.3727657590387323,2.365,0
sqlite3,0.12373514149850326,2.314,0
sqlite3,0.576646702957938,2.658,0
sqlite3,-1.161116079135321,2.595,0
sqlite3,0.16457291783359473,2.452,0
sqlite3,-0.758825611437264,2.783,0
sqlite3,0.06153405651303302,2.662,0
sqlite3,-0.4580705062280023,2.529,0
sqlite3,0.40367269678798817,3.386,0
sqlite3,-1.4867791667092958,3.252,0
sqlite3,-1.3590057982458463,3.42,0
sqlite3,1.1968050991425068,3.058,0
sqlite3,0.7555955153598448,2.973,0
sqlite3,-1.1672977334850727,3.119,0
sqlite3,0.675339802598878,2.427,0
sqlite3,0.3798817702746417,2.023,0
sqlite3,-0.03661399904356185,1.966,0
sqlite3,-1.760293263709862,2.36,0
sqlite3,0.9245760943862389,2.046,0
sqlite3,-0.37430665252897066,1.991,0
sqlite3,-0.2654931988279241,1.957,0
sqlite3,-0.11882697933400554,2.889,0
sqlite3,1.9064775591722234,2.84,0
sqlite3,-1.5477806942133474,2.738,0
sqlite3,-2.310314963086464,1.905,0
sqlite3,-0.1160112171700783,2.351,0
sqlite3,-0.4889598733540874,1.909,0
sqlite3,2.483788056091694,2.191,0
sqlite3,0.2111810650970417,2.392,0
sqlite3,-0.35073363569786853,3.249,0
sqlite3,0.08026299665561917,3.261,0
sqlite3,-1.2034338793655206,1.96,0
sqlite3,1.587730370850518,1.916,0
sqlite3,-0.2743111384028779,1.873,0
sqlite3,-0.5828436734356911,2.696,0
sqlite3,-0.2784181068720482,2.636,0
sqlite3,0.07626749158359922,3.335,0
sqlite3,1.1087963458842172,2.604,0
sqlite3,-0.3290340279439286,3.127,0
sqlite3,-0.5045607400278478,3.366,0
sqlite3,-0.5809157333597373,2.838,0
sqlite3,0.771837229118374,1.924,0
sqlite3,1.505698602719916,3.279,0
sqlite3,0.14980530989333193,1.991,0
sqlite3,1.5811026923692142,1.921,0
sqlite3,2.3606234511707247,2.772,0
sqlite3,0.3279028700689399,2.773,0
sqlite3,2.0444477805601373,2.716,0
sqlite3,0.7644850897108733,2.632,0
sqlite3,1.2109249960814912,2.006,0
sqlite3,0.38860804904213453,4.529,0
sqlite3,1.3635611662625766,2.371,0
sqlite3,0.9831871465775808,2.214,0
sqlite3,-0.15653359632608135,1.832,0
sqlite3,-0.6723357353246245,4.535,0
sqlite3,0.6035089847172812,4.475,0
sqlite3,0.14090179480301046,4.37,0
sqlite3,-0.8067893882761893,3.094,0
sqlite3,-0.1897083044743588,3.263,0
sqlite3,0.34581819007587494,3.353,0
sqlite3,0.08957345797225917,3.23,0
sqlite3,-0.2194308556650617,3.273,0
sqlite3,0.3499445737853911,2.737,0
sqlite3,-0.4836651821208299,5.633,0
sqlite3,0.857005183502472,3.246,0
sqlite3,-0.5179282134781859,2.398,0
sqlite3,-1.7919673059567716,2.046,0
sqlite3,-0.21517988209556735,1.375,0
sqlite3,-1.2194177145747487,2.496,0
sqlite3,0.7644511224949919,2.319,0
sqlite3,-1.8353522722040465,2.756,0
sqlite3,-1.4424875654060243,2.364,0
sqlite3,0.0685319774460968,3.228,0
sqlite3,-1.4087870632314266,3.287,0
sqlite3,-1.9207527279171634,1.994,0
sqlite3,-0.7891701271012166,2.447,0
sqlite3,-1.2920363812626479,2.12,0
sqlite3,-0.5535635963071559,2.984,0
sqlite3,-0.6044196914738887,2.451,0
sqlite3,0.43001608019880694,2.789,0
sqlite3,-1.3884751180370252,4.48,0
sqlite3,-0.4643564063354726,2.918,0
sqlite3,0.6467561690745097,3.233,0
sqlite3,1.8219386073481234,2.141,0
sqlite3,0.08861398954369891,3.364,0
sqlite3,-0.08918755808404491,2.681,0
sqlite3,-0.7840407599827122,3.423,0
sqlite3,0.3704066262655832,3.486,0
sqlite3,-1.8338882102351535,1.868,0
sqlite3,-0.23166061818286493,1.919,0
sqlite3,1.1664427059228284,2.416,0
sqlite3,0.918746312236915,4.595,0
sqlite3,0.13222809971051727,2.04,0
sqlite3,0.3053045301022209,2.861,0
sqlite3,0.46472730220639097,2.122,0
sqlite3,-1.5600661235894782,2.428,0
sqlite3,-1.2095117407023839,2.423,0
sqlite3,1.0829221721215094,3.092,0
sqlite3,-0.743604026323638,3.152,0
sqlite3,1.0696519779656681,3.244,0
sqlite3,0.4067697818245984,2.181,0
sqlite3,-0.10460807421659336,3.244,0
sqlite3,1.016658105624832,2.385,0
sqlite3,0.0,1.375,1
sqlite3,0.0,5.633,2
sqlite3,0.0,2.6833672316384183,3
sqlite3,0.0,2.7322010546293574,4
sqlite3,0.0,2.634533408647479,4
openssh,0.04963467739068222,4.072,0
openssh,-0.4847870178125708,3.792,0
openssh,-0.8284781050861003,4.107,0
openssh,1.0645064337900974,3.945,0
openssh,2.290098014317911,2.627,0
openssh,-1.2319155643383686,3.826,0
openssh,1.593740420541609,4.346,0
openssh,0.49281327952453857,4.256,0
openssh,-2.1779763104118937,4.18,0
openssh,-1.3281581187028384,4.232,0
openssh,0.956711129635249,5.162,0
openssh,1.4406765821869978,3.366,0
openssh,-0.05085954899885413,3.404,0
openssh,-0.5234818714117448,3.513,0
openssh,0.04243426856979266,3.328,0
openssh,1.1766356926443737,3.539,0
openssh,0.9780510624626516,4.0,0
openssh,0.940185363724254,3.835,0
openssh,1.1525181729712373,4.234,0
openssh,-1.602674139621292,3.777,0
openssh,2.199769536002701,4.012,0
openssh,-0.06818203115695101,3.912,0
openssh,3.1101904400470652,4.321,0
openssh,0.42482910783914146,3.851,0
openssh,-0.17755588150793447,4.016,0
openssh,-1.6713452961611013,4.171,0
openssh,1.5427467959023105,3.577,0
openssh,0.7980115875797678,3.984,0
openssh,0.9358213916991669,3.888,0
openssh,0.7144024407894052,4.116,0
openssh,-0.4479900698016168,4.331,0
openssh,2.629824225146062,4.191,0
openssh,0.7519149869132843,4.521,0
openssh,-0.2300490948859833,4.464,0
openssh,-2.03506454234277,4.284,0
openssh,0.06473853084631977,4.048,0
openssh,0.0566797486023389,4.316,0
openssh,0.5262112483716662,2.412,0
openssh,0.44473476411833385,4.056,0
openssh,0.5096435216792092,3.978,0
openssh,-0.3186830807160426,3.896,0
openssh,0.446092691562184,4.025,0
openssh,1.9075511874635531,3.939,0
openssh,-0.490450284382268,4.081,0
openssh,0.5983466752490181,4.092,0
openssh,1.249391373461782,4.104,0
openssh,-0.5123131079029559,4.082,0
openssh,-0.6983806284011198,4.084,0
openssh,1.748127359293344,4.108,0
openssh,0.7945698193951344,4.151,0
openssh,0.06832626617011302,3.993,0
openssh,0.13249966503373561,4.012,0
openssh,0.5751257208293987,3.991,0
openssh,0.7227294555162683,4.013,0
openssh,-2.34448563508803,4.079,0
openssh,2.113373145022857,4.081,0
openssh,-2.255042515261346,3.993,0
openssh,0.47944511608712437,4.106,0
openssh,0.17898201503472166,4.205,0
openssh,1.2955034184777479,4.101,0
openssh,0.00564112404964829,5.155,0
openssh,-0.43675098958759573,5.215,0
openssh,0.09434263132534011,4.031,0
openssh,-1.1031597612554267,4.103,0
openssh,0.6432561954638171,4.051,0
openssh,2.735541340600649,3.975,0
openssh,0.3276058042197635,3.91,0
openssh,0.19970065893207978,3.924,0
openssh,1.6752594506664908,4.216,0
openssh,0.22899553681078114,4.153,0
openssh,-1.2953838715304815,4.078,0
openssh,0.6160302137576725,4.135,0
openssh,0.13621165092763682,4.096,0
openssh,0.03803516557286183,4.01,0
openssh,1.9971673891664923,4.022,0
openssh,-0.19604905546742132,4.003,0
openssh,0.8726374928121471,4.098,0
openssh,2.4681425402468435,4.179,0
openssh,0.2657461842627282,4.041,0
openssh,-0.6263595280670553,4.038,0
openssh,0.012025070138591687,4.053,0
openssh,-0.5423719611177817,4.095,0
openssh,-0.5011577034520655,4.008,0
openssh,1.4886442353594482,4.196,0
openssh,1.749992593040708,4.283,0
openssh,-0.5146898317856965,4.381,0
openssh,0.8035674112920747,3.997,0
openssh,0.7618078879875242,3.83,0
openssh,0.0,2.412,1
openssh,0.0,5.215,2
openssh,0.0,4.038659090909091,3
openssh,0.0,4.078945759228717,4
openssh,0.0,3.9983724225894646,4
